attr1,attr2,attr3,output
0.28227992,1.39938944,1.11710952,0
0.11161692,1.5668805,1.45526358,1
2.84450929,0.01898143,2.82552786,1
0.13701283,1.21868609,1.08167326,1
0.0703114,1.09603589,1.02572449,1
1.1245864,0.65979292,0.46479348,0
1.2008818,0.32505307,0.87582873,0
2.44850475,0.07792898,2.37057577,1
0.71174094,0.49085771,0.22088323,0
1.80646399,1.7205287,0.08593529,0
0.67454566,1.04359087,0.36904521,0
0.89948787,4.18206361,3.28257574,0
0.09407403,2.11259535,2.01852132,1
0.46504947,0.02962191,0.43542756,1
1.96114491,0.83379442,1.12735049,0
0.38249014,1.94175664,1.5592665,0
1.8986955,0.87369876,1.02499674,0
0.3889538,0.44352107,0.05456727,0
0.99162329,0.7966825,0.19494079,0
1.42879198,1.36872222,0.06006976,0
1.75639947,3.14933977,1.3929403,0
0.3479598,1.52699105,1.17903125,0
2.04167295,1.10563008,0.93604287,0
1.33196645,0.08039702,1.25156943,1
0.37105433,0.17698826,0.19406607,0
3.5323608,1.11907453,2.41328627,0
1.05198002,0.8389713,0.21300872,0
0.57998661,2.79654022,2.21655361,0
0.4715717,0.50979354,0.03822184,0
0.962724,0.90259971,0.06012429,0
1.04177356,0.32834853,0.71342503,0
0.05329836,1.07922625,1.02592789,1
2.03333005,1.64578259,0.38754746,0
0.46677643,1.32044953,0.8536731,0
0.53535279,0.78863363,0.25328084,0
1.60640219,0.03874788,1.56765431,1
0.3274338,1.34093773,1.01350393,0
0.18046959,0.01111257,0.16935702,1
0.64965973,3.24423725,2.59457752,0
0.69920307,0.57158415,0.12761892,0
0.41603674,0.78521081,0.36917407,0
1.42197158,0.37036925,1.05160233,0
0.82449243,0.15643946,0.66805297,0
1.65664426,0.42091931,1.23572495,0
0.67199755,0.95215336,0.28015581,0
0.92314002,0.21242618,0.71071384,0
0.45932732,3.49228014,3.03295282,1
0.14488132,2.40843011,2.26354879,1
0.43237023,0.72197006,0.28959983,0
0.86267273,0.87424575,0.01157302,0
0.34768969,1.91110969,1.56342,0
1.03067593,0.17310762,0.85756831,0
0.23346337,0.13794054,0.09552283,0
0.47205212,2.84891244,2.37686032,0
3.03605997,2.11831846,0.91774151,0
1.64398316,1.45630298,0.18768018,0
0.47528385,0.40978498,0.06549887,0
0.66741684,1.6365389,0.96912206,0
2.21111625,2.62940395,0.4182877,0
3.97718335,1.11784228,2.85934107,0
1.02448838,0.69646861,0.32801977,0
0.99462142,0.07482002,0.9198014,1
1.9259959,1.57888593,0.34710997,0
0.17524171,0.42686886,0.25162715,0
2.14545205,1.38620198,0.75925007,0
5.01401101,2.30735096,2.70666005,0
1.90878258,1.37554962,0.53323296,0
0.78740436,0.12332526,0.6640791,0
0.47363574,0.22563264,0.2480031,0
0.59592743,2.47863087,1.88270344,0
1.15952493,1.75613233,0.5966074,0
0.39897576,1.17511243,0.77613667,0
0.45789996,0.04520457,0.41269539,1
1.54891091,1.04959038,0.49932053,0
0.22653431,0.25451364,0.02797933,0
0.10289178,1.30790453,1.20501275,1
0.17563803,1.43056848,1.25493045,1
2.17247011,3.42526006,1.25278995,0
1.48361359,0.98389404,0.49971955,0
1.19827456,2.15487405,0.95659949,0
3.74604007,1.10563591,2.64040416,0
0.74626431,0.44223293,0.30403138,0
1.14085099,0.14404148,0.99680951,1
1.67507775,1.13663595,0.5384418,0
0.23875801,0.34314063,0.10438262,0
0.17455912,0.65119142,0.4766323,0
0.12606047,0.27414929,0.14808882,0
2.26297571,0.84082372,1.42215199,0
0.43400584,0.08957062,0.34443522,0
0.08299387,4.65123796,4.56824409,1
0.10235418,3.27191953,3.16956535,1
0.28017053,2.67524333,2.3950728,1
1.42649723,1.13852283,0.2879744,0
0.01131205,2.41471309,2.40340104,1
0.817412,0.7127208,0.1046912,0
0.79626132,0.45539644,0.34086488,0
0.63302545,0.98861436,0.35558891,0
0.31406399,0.46121715,0.14715316,0
1.08368833,0.32411908,0.75956925,0
1.01151066,0.02135479,0.99015587,1
2.06658503,0.34303658,1.72354845,0
1.85537836,0.12548941,1.72988895,1
0.39823584,0.01115133,0.38708451,1
1.14578783,0.5606668,0.58512103,0
1.48606529,2.15812099,0.6720557,0
3.16917486,0.86182854,2.30734632,0
1.79963364,0.26327596,1.53635768,1
0.32322867,0.11301034,0.21021833,0
0.03169124,2.49528501,2.46359377,1
0.20716741,0.69316615,0.48599874,0
1.45245116,0.41118389,1.04126727,0
0.64765165,0.69546076,0.04780911,0
0.22954761,1.53233827,1.30279066,1
1.9956631,0.13262432,1.86303878,1
0.85417737,2.1502444,1.29606703,0
0.49053277,0.08410715,0.40642562,0
0.60560104,0.06482722,0.54077382,1
0.45172693,0.26292978,0.18879715,0
0.16115693,0.46771051,0.30655358,0
1.08594713,1.60097185,0.51502472,0
0.79010415,0.51405262,0.27605153,0
2.13471707,2.21822424,0.08350717,0
0.430586,0.1353958,0.2951902,0
1.40740245,0.46679174,0.94061071,0
0.42661448,0.18055752,0.24605696,0
0.07485439,1.51632458,1.44147019,1
2.28832925,0.00001463,2.28831462,1
0.42113452,0.05457478,0.36655974,1
0.11112627,3.90735792,3.79623165,1
0.25013941,1.44220878,1.19206937,0
3.64037967,0.39810104,3.24227863,1
1.19415739,0.32494355,0.86921384,0
0.11173662,0.28065684,0.16892022,0
0.2919544,1.52643609,1.23448169,0
0.26563442,0.31157635,0.04594193,0
0.37274962,0.84875826,0.47600864,0
1.05945458,1.31467904,0.25522446,0
0.65435054,0.05738893,0.59696161,1
1.69549769,0.67145941,1.02403828,0
2.26492598,1.05406842,1.21085756,0
0.63025148,1.51367881,0.88342733,0
1.07153612,0.08840447,0.98313165,1
0.48242302,0.12119979,0.36122323,0
1.2609464,1.23147032,0.02947608,0
0.53578809,0.00544869,0.5303394,1
0.31937373,0.09737831,0.22199542,0
1.61288677,1.64921323,0.03632646,0
1.46498714,1.86443046,0.39944332,0
0.72476666,0.17765219,0.54711447,0
0.25194525,1.63765504,1.38570979,1
5.19314807,0.31725604,4.87589203,1
0.40784405,2.63277676,2.22493271,1
2.16869748,3.5835869,1.41488942,0
0.22931855,0.23644854,0.00712999,0
0.35047313,0.34532591,0.00514722,0
0.11496384,1.10392111,0.98895727,1
0.10602323,2.13021769,2.02419446,1
0.65609916,0.21511225,0.44098691,0
2.04787082,0.54202258,1.50584824,0
3.84784254,0.12558703,3.72225551,1
0.2331584,4.86179595,4.62863755,1
0.9588451,1.15329976,0.19445466,0
2.18084138,0.92497487,1.25586651,0
0.17798885,1.01081999,0.83283114,0
0.89686684,0.16582215,0.73104469,0
0.31885241,1.23604323,0.91719082,0
1.01417802,0.96707936,0.04709866,0
1.08657139,0.04665274,1.03991865,1
1.54962721,0.04316303,1.50646418,1
1.72421823,1.95505985,0.23084162,0
0.16970922,1.17384931,1.00414009,1
2.83297861,2.58467561,0.248303,0
0.25142345,2.35221158,2.10078813,1
0.11629797,3.48760651,3.37130854,1
1.91211615,4.11340235,2.2012862,0
1.4296608,3.5397404,2.1100796,0
0.0395128,0.37918082,0.33966802,1
0.22131826,0.32274991,0.10143165,0
1.18241096,1.91788268,0.73547172,0
0.46072196,0.95151611,0.49079415,0
2.15913223,0.12125547,2.03787676,1
0.55433604,0.28384333,0.27049271,0
1.72988133,0.56681892,1.16306241,0
1.05895158,0.57212328,0.4868283,0
0.16878093,0.77456486,0.60578393,0
1.36399834,0.02785421,1.33614413,1
0.46992446,1.99688095,1.52695649,0
1.14452113,1.85499343,0.7104723,0
0.12469238,2.59116941,2.46647703,1
0.04935151,1.7066688,1.65731729,1
1.36258754,0.26537927,1.09720827,0
0.06230382,0.0171096,0.04519422,0
0.662437,2.7243552,2.0619182,0
0.46281805,3.31637686,2.85355881,1
2.71578041,2.13438028,0.58140013,0
0.31204613,0.05860988,0.25343625,0
0.59349424,0.09802635,0.49546789,0
1.42998255,2.63514749,1.20516494,0
0.65050866,0.55271414,0.09779452,0
2.31237557,1.65448521,0.65789036,0
0.67604045,4.00293914,3.32689869,0
0.01711037,1.559851,1.54274063,1
0.2169331,0.79816886,0.58123576,0
0.82573222,2.57244686,1.74671464,0
1.04778539,1.00766917,0.04011622,0
0.04082929,0.04625298,0.00542369,0
1.09030866,0.61824008,0.47206858,0
0.61454124,0.57713036,0.03741088,0
0.39147548,0.85216236,0.46068688,0
0.41068892,1.62561828,1.21492936,0
0.30426634,0.04699815,0.25726819,0
0.07809207,0.12692346,0.04883139,0
1.36157889,2.18557672,0.82399783,0
2.68089063,0.73065542,1.95023521,0
0.2106775,1.95452942,1.74385192,1
1.90780425,1.33432335,0.5734809,0
0.38058521,0.07273668,0.30784853,0
0.5698684,1.04145116,0.47158276,0
0.08292667,2.40959286,2.32666619,1
1.22591973,0.48690722,0.73901251,0
0.01899349,3.97845575,3.95946226,1
0.68388263,6.19684036,5.51295773,1
0.69805129,0.89222694,0.19417565,0
0.31075351,4.46435559,4.15360208,1
5.34820471,1.1660988,4.18210591,0
0.17908178,0.48494391,0.30586213,0
1.79516576,0.33840663,1.45675913,0
0.35816438,0.46069815,0.10253377,0
1.79459972,0.88772461,0.90687511,0
1.61132217,1.55141861,0.05990356,0
1.2786022,0.70753005,0.57107215,0
0.55075019,0.92236436,0.37161417,0
2.11160052,0.14680869,1.96479183,1
0.63703683,0.56300581,0.07403102,0
0.17743417,0.07612591,0.10130826,0
0.82720846,1.29265106,0.4654426,0
0.09225041,0.85659952,0.76434911,1
1.10431963,0.33905638,0.76526325,0
0.68671738,0.90890453,0.22218715,0
1.13157104,1.70072321,0.56915217,0
0.73681595,1.62951859,0.89270264,0
0.02206663,0.49528197,0.47321534,1
1.1902184,0.54479032,0.64542808,0
0.76243455,0.99874553,0.23631098,0
0.03433491,5.6391989,5.60486399,1
0.40544652,0.31204694,0.09339958,0
0.07395505,0.37863616,0.30468111,0
2.05837206,0.16378589,1.89458617,1
2.1762104,0.75619393,1.42001647,0
2.24730486,0.73660383,1.51070103,0
0.15701727,0.4882385,0.33122123,0
0.00805305,0.43330558,0.42525253,1
1.29423552,0.45041293,0.84382259,0
0.48606581,0.54436484,0.05829903,0
1.50106975,1.78058356,0.27951381,0
0.5346892,0.03627119,0.49841801,1
0.11158911,1.03109484,0.91950573,1
0.38179281,6.5012511,6.11945829,1
0.378235,0.2095515,0.1686835,0
0.64178084,1.32182553,0.68004469,0
2.27939306,0.25786545,2.02152761,1
0.45764977,0.02185761,0.43579216,1
0.73614554,0.26468323,0.47146231,0
0.09273408,0.25848729,0.16575321,0
0.80948618,2.89427137,2.08478519,0
1.61207206,1.19040814,0.42166392,0
0.97552847,0.56188396,0.41364451,0
2.78524159,0.12834109,2.6569005,1
1.29057728,3.42783106,2.13725378,0
0.25857461,0.19193568,0.06663893,0
0.41856897,0.33653661,0.08203236,0
1.20266062,1.2624578,0.05979718,0
1.31925327,0.12517691,1.19407636,1
0.53972678,0.16124163,0.37848515,0
1.31820416,0.38804414,0.93016002,0
0.35909372,0.66603549,0.30694177,0
1.50644069,1.0491615,0.45727919,0
0.40721273,0.19142753,0.2157852,0
0.98408997,0.10643252,0.87765745,1
0.45934385,0.75692543,0.29758158,0
0.41451032,0.75800029,0.34348997,0
0.2318264,0.58930397,0.35747757,0
0.59021673,0.18772497,0.40249176,0
0.54390844,0.56692626,0.02301782,0
1.17298689,1.86355662,0.69056973,0
0.78550616,0.13670662,0.64879954,0
2.83362832,1.1009286,1.73269972,0
4.42250518,1.15158348,3.2709217,0
0.46169505,0.35553691,0.10615814,0
0.37788428,0.81589125,0.43800697,0
0.15843623,0.57316978,0.41473355,0
0.57271434,0.4897146,0.08299974,0
0.29110844,0.83431908,0.54321064,0
0.49012223,0.15495309,0.33516914,0
0.93669932,1.02769835,0.09099903,0
1.60885905,0.70468078,0.90417827,0
1.90110493,0.09923287,1.80187206,1
1.32606606,2.00879958,0.68273352,0
1.74080022,0.24359647,1.49720375,1
0.27834817,0.00348079,0.27486738,1
1.58978602,0.31316151,1.27662451,0
0.09260213,0.01275835,0.07984378,0
0.25575585,0.62160024,0.36584439,0
0.44400845,0.01569998,0.42830847,1
0.06533309,1.41745559,1.3521225,1
1.55277647,1.37109571,0.18168076,0
0.63742947,1.77063548,1.13320601,0
0.66721435,3.34719933,2.67998498,0
1.56840444,1.77687739,0.20847295,0
0.17246242,0.48339741,0.31093499,0
0.38547884,0.28902339,0.09645545,0
0.07748553,1.91010764,1.83262211,1
1.1826711,0.52656989,0.65610121,0
0.05617924,1.62543211,1.56925287,1
1.5293797,0.5261024,1.0032773,0
0.40564612,1.78623538,1.38058926,0
1.53665576,0.0922261,1.44442966,1
0.68781302,0.32663293,0.36118009,0
1.14599298,2.76746616,1.62147318,0
0.24338846,0.06538198,0.17800648,0
2.93043648,0.6374648,2.29297168,0
0.07209762,0.75866179,0.68656417,1
0.17361086,0.06673276,0.1068781,0
0.69294528,0.31054272,0.38240256,0
0.51830907,0.67034514,0.15203607,0
1.94968211,0.70263205,1.24705006,0
0.29532873,0.97290591,0.67757718,0
1.10539685,0.37133831,0.73405854,0
1.41094028,1.51905089,0.10811061,0
7.04799974,0.69244124,6.3555585,1
0.40012672,1.27010181,0.86997509,0
1.8643267,1.6929953,0.1713314,0
0.76726658,0.022217,0.74504958,1
1.38228621,0.3403134,1.04197281,0
0.38266178,0.68513092,0.30246914,0
0.31554659,0.69076023,0.37521364,0
0.10914974,0.89360788,0.78445814,1
3.24329252,0.14316323,3.10012929,1
0.74571668,0.23987047,0.50584621,0
0.48327727,1.51611923,1.03284196,0
0.2121203,0.7043104,0.4921901,0
0.12145109,0.49426901,0.37281792,0
0.91443225,1.12656675,0.2121345,0
1.31584392,0.76420302,0.5516409,0
0.6974942,4.0558638,3.3583696,0
0.43644751,0.25027032,0.18617719,0
1.5315255,1.86191085,0.33038535,0
0.33040032,1.96606262,1.6356623,0
0.94441665,0.62895197,0.31546468,0
2.25581525,4.49736128,2.24154603,0
5.24683374,0.12262886,5.12420488,1
1.22903393,0.12543499,1.10359894,1
3.30183803,2.14219243,1.1596456,0
0.1524245,1.85676984,1.70434534,1
0.08270947,0.25840901,0.17569954,0
0.08740732,0.63379697,0.54638965,1
0.9902638,0.77931324,0.21095056,0
0.09119193,0.96568347,0.87449154,1
0.20658503,1.56368877,1.35710374,1
0.10405149,0.38771925,0.28366776,0
1.71517717,0.4362153,1.27896187,0
0.12230466,1.59105192,1.46874726,1
0.09542197,0.13642463,0.04100266,0
0.22354163,0.30660322,0.08306159,0
0.23443354,0.76358922,0.52915568,0
0.92993142,0.65704984,0.27288158,0
0.71087373,1.33415754,0.62328381,0
0.65363523,1.70456037,1.05092514,0
3.77716919,0.30647382,3.47069537,1
1.91585334,1.68506496,0.23078838,0
0.12504348,0.49457493,0.36953145,0
0.83919676,0.94735221,0.10815545,0
0.34169769,0.12583813,0.21585956,0
0.00111342,1.28831337,1.28719995,1
0.46602469,0.14197008,0.32405461,0
0.76904386,2.96037141,2.19132755,0
1.55365632,0.40249374,1.15116258,0
0.08193164,0.04424258,0.03768906,0
0.46428393,0.11803663,0.3462473,0
1.36703594,0.02310486,1.34393108,1
0.4494528,1.1020869,0.6526341,0
1.41193012,1.23712569,0.17480443,0
1.98664946,1.43227736,0.5543721,0
1.33447065,0.13007564,1.20439501,1
0.98207055,0.49997586,0.48209469,0
2.47648698,1.00746103,1.46902595,0
0.08562952,0.8879313,0.80230178,1
3.04731514,2.20534181,0.84197333,0
0.28170937,0.40691106,0.12520169,0
1.83827726,0.69075066,1.1475266,0
0.01609972,0.32062709,0.30452737,1
0.2189061,0.41679828,0.19789218,0
0.17875583,1.58129585,1.40254002,1
1.1249139,0.39207872,0.73283518,0
1.36769627,1.53498115,0.16728488,0
1.83725426,1.08788316,0.7493711,0
0.61413276,2.21259219,1.59845943,0
2.77300559,1.46008773,1.31291786,0
0.36809162,0.8602293,0.49213768,0
0.22544514,1.33642923,1.11098409,0
1.24088379,0.46045661,0.78042718,0
0.17600099,3.82593088,3.64992989,1
1.95719372,0.84815316,1.10904056,0
0.76163903,0.02888917,0.73274986,1
0.8931658,0.64167314,0.25149266,0
0.08939801,0.28718806,0.19779005,0
0.58193498,1.27008966,0.68815468,0
0.12052121,0.00195434,0.11856687,0
2.03386985,2.94034285,0.906473,0
0.59649888,2.1043862,1.50788732,0
0.93228312,0.52990887,0.40237425,0
0.14498197,1.65404024,1.50905827,1
1.65503823,2.49071569,0.83567746,0
2.33111581,3.03044574,0.69932993,0
1.08126921,0.28178005,0.79948916,0
0.84395779,5.09849321,4.25453542,0
0.03889083,1.43542611,1.39653528,1
1.06531465,3.28830435,2.2229897,0
0.47925077,1.93396139,1.45471062,0
2.17325889,0.05652715,2.11673174,1
0.23387193,3.41568373,3.1818118,1
0.78589369,0.87321025,0.08731656,0
0.37153552,0.39430796,0.02277244,0
0.43145122,0.02078796,0.41066326,1
0.48440221,2.03407859,1.54967638,0
1.58499454,1.09843266,0.48656188,0
0.08615308,0.05396769,0.03218539,0
0.08755837,0.50701416,0.41945579,0
1.11143931,1.43303771,0.3215984,0
0.13103479,1.11452913,0.98349434,1
0.09472414,0.69451348,0.59978934,1
2.476733,0.27341228,2.20332072,1
1.46401663,0.33780397,1.12621266,0
0.67931412,1.69383651,1.01452239,0
0.30628952,1.78398667,1.47769715,0
0.71329449,0.2262472,0.48704729,0
0.60824174,0.00529948,0.60294226,1
0.73100673,0.23409351,0.49691322,0
0.7030474,0.01334087,0.68970653,1
0.67893707,0.72266623,0.04372916,0
1.27366905,1.13887329,0.13479576,0
0.20488505,1.74543203,1.54054698,1
4.11087003,1.79676317,2.31410686,0
1.45647118,1.13188746,0.32458372,0
0.14451906,0.05850689,0.08601217,0
1.74227889,2.70938922,0.96711033,0
0.20443355,1.24983523,1.04540168,0
1.78486124,0.47822948,1.30663176,0
0.60840417,0.9479024,0.33949823,0
0.83187902,1.47367191,0.64179289,0
0.35582738,0.28802272,0.06780466,0
0.05507901,0.36549095,0.31041194,0
1.16148306,1.81436996,0.6528869,0
1.55973667,0.31554372,1.24419295,0
0.21063938,1.61864997,1.40801059,1
1.26744814,5.90935192,4.64190378,0
0.15369753,0.04625854,0.10743899,0
0.46930027,1.04334043,0.57404016,0
6.09930032,2.08644458,4.01285574,0
3.09039527,2.15630417,0.9340911,0
1.45612431,1.45794656,0.00182225,0
0.36930269,1.57723627,1.20793358,0
0.2066475,0.63222918,0.42558168,0
1.6712307,0.5047474,1.1664833,0
0.16376677,1.08696505,0.92319828,1
1.75038848,1.09873192,0.65165656,0
1.67202143,1.49413179,0.17788964,0
0.62814228,1.18304165,0.55489937,0
0.29396816,2.14279087,1.84882271,1
0.35908669,0.04816907,0.31091762,1
0.34789129,0.53196979,0.1840785,0
0.9182078,0.40736945,0.51083835,0
0.34081635,2.23490298,1.89408663,1
2.52653216,1.74733372,0.77919844,0
0.25797153,0.08028283,0.1776887,0
1.66063443,2.28182148,0.62118705,0
0.10904617,0.01867512,0.09037105,0
1.03894823,0.54744621,0.49150202,0
1.10208825,2.48144201,1.37935376,0
0.28764879,0.01001455,0.27763424,1
0.90470686,0.68081917,0.22388769,0
1.79605302,0.47455364,1.32149938,0
0.1476139,0.05395305,0.09366085,0
2.09182118,0.93697317,1.15484801,0
1.14941005,0.50698071,0.64242934,0
0.08119366,0.16964649,0.08845283,0
0.15532512,1.23512595,1.07980083,1
1.39958711,0.40095025,0.99863686,0
0.35061048,2.61930497,2.26869449,1
2.10634707,0.50937332,1.59697375,0
1.45848029,0.62925206,0.82922823,0
0.33664299,0.38689384,0.05025085,0
0.24614814,0.41888016,0.17273202,0
0.11876994,0.84634956,0.72757962,1
2.29653374,1.85296714,0.4435666,0
1.57308491,0.160574,1.41251091,1
0.53650834,2.96026855,2.42376021,0
1.56449916,0.37605945,1.18843971,0
2.7900699,0.61971036,2.17035954,0
0.52925847,0.37590133,0.15335714,0
0.45317128,0.64877489,0.19560361,0
0.351234,2.78628742,2.43505342,1
0.99119734,0.02926161,0.96193573,1
0.89135989,0.25487155,0.63648834,0
0.62408129,2.16671378,1.54263249,0
0.92173867,2.09276986,1.17103119,0
4.44183602,0.10614334,4.33569268,1
3.98652805,0.70236406,3.28416399,0
2.16741165,1.20982613,0.95758552,0
2.34842162,0.37082023,1.97760139,0
1.7985992,0.85683723,0.94176197,0
0.24150419,1.28094831,1.03944412,0
0.46919759,0.00489461,0.46430298,1
0.0893851,1.02032297,0.93093787,1
0.66533255,2.47092237,1.80558982,0
0.75326197,1.32237234,0.56911037,0
0.46980281,1.07919429,0.60939148,0
0.0077551,0.32155819,0.31380309,1
4.14515425,0.36541989,3.77973436,1
0.51554032,0.57915534,0.06361502,0
2.11174881,0.62201836,1.48973045,0
0.91508917,1.28791733,0.37282816,0
0.83772036,0.71787622,0.11984414,0
0.06026724,1.8389183,1.77865106,1
0.09028499,1.22149727,1.13121228,1
1.62627401,0.3768137,1.24946031,0
0.86923901,1.00450577,0.13526676,0
0.17333426,2.61436651,2.44103225,1
1.07479339,0.04623001,1.02856338,1
0.89526022,1.0271253,0.13186508,0
0.39870144,1.8737318,1.47503036,0
0.3457434,1.47997687,1.13423347,0
0.08082158,2.99623646,2.91541488,1
1.93615538,0.9347897,1.00136568,0
2.53283959,0.02688205,2.50595754,1
0.46636826,1.3330812,0.86671294,0
0.89030563,0.47249511,0.41781052,0
0.32354181,1.39005163,1.06650982,0
0.1815789,1.38900052,1.20742162,1
0.01922626,0.84668516,0.8274589,1
1.39049131,2.78456721,1.3940759,0
2.98511693,0.00999902,2.97511791,1
0.52608305,2.6699385,2.14385545,0
2.12824871,1.06835496,1.05989375,0
0.39388952,1.01884616,0.62495664,0
0.36792829,0.24214163,0.12578666,0
0.53828953,0.68649695,0.14820742,0
0.40287866,0.25334152,0.14953714,0
2.2305457,1.04842072,1.18212498,0
1.93543095,0.75849037,1.17694058,0
0.50559635,0.03561154,0.46998481,1
0.79435761,1.52723746,0.73287985,0
1.41389495,0.45101228,0.96288267,0
0.41989615,1.43769684,1.01780069,0
1.23752411,1.35049214,0.11296803,0
1.824004,0.38160579,1.44239821,0
1.09694143,2.13875465,1.04181322,0
0.70181036,0.29126155,0.41054881,0
0.01352748,0.59217217,0.57864469,1
0.30899863,3.78111911,3.47212048,1
1.03063412,2.92813297,1.89749885,0
0.75736878,0.04725087,0.71011791,1
0.66964569,0.09469934,0.57494635,1
0.28288302,0.302767,0.01988398,0
1.68462144,0.81945262,0.86516882,0
0.27283564,4.35031708,4.07748144,1
2.43611387,0.13511592,2.30099795,1
1.38870788,2.64401516,1.25530728,0
0.5772674,0.82614323,0.24887583,0
0.16437196,0.70678393,0.54241197,0
2.46601374,1.4830162,0.98299754,0
0.49685222,3.61792651,3.12107429,1
2.53933139,0.0880325,2.45129889,1
0.75386053,0.48693291,0.26692762,0
3.22693459,0.02316899,3.2037656,1
0.83824559,0.22752627,0.61071932,0
0.42745024,0.05075491,0.37669533,1
1.16570054,3.49452184,2.3288213,0
0.01766238,0.89109339,0.87343101,1
0.46513383,0.37130981,0.09382402,0
1.04953867,0.99847142,0.05106725,0
0.04261474,0.83169858,0.78908384,1
2.29735157,0.13515251,2.16219906,1
1.70491212,1.00586472,0.6990474,0
0.629518,2.75010681,2.12058881,0
0.64283176,0.74437754,0.10154578,0
0.67241173,0.56043714,0.11197459,0
0.19468462,0.09624817,0.09843645,0
1.27901855,3.24273611,1.96371756,0
1.38136849,0.69962194,0.68174655,0
0.12737671,1.5591552,1.43177849,1
0.76060211,0.02781979,0.73278232,1
0.26293515,0.05267794,0.21025721,0
0.69358512,0.30293831,0.39064681,0
0.12640152,1.79977247,1.67337095,1
0.26020392,0.60056099,0.34035707,0
2.50968724,0.00576857,2.50391867,1
0.24751719,0.04382728,0.20368991,0
0.71282082,0.79134471,0.07852389,0
0.34412322,1.39734133,1.05321811,0
1.0140243,0.29538118,0.71864312,0
5.87202828,1.53877083,4.33325745,0
1.50642036,0.14884758,1.35757278,1
0.19432831,2.07018201,1.8758537,1
0.65862325,0.3636242,0.29499905,0
0.60613138,1.50986033,0.90372895,0
2.72975143,1.41058401,1.31916742,0
3.94757048,0.25655303,3.69101745,1
0.60181965,0.9303602,0.32854055,0
0.26911206,0.65686675,0.38775469,0
0.87489256,3.05666671,2.18177415,0
0.14333941,0.89052669,0.74718728,0
0.50055506,1.26494944,0.76439438,0
1.28080957,1.28332839,0.00251882,0
0.53446268,0.37552241,0.15894027,0
2.73287688,0.53567083,2.19720605,0
0.10560058,0.31681302,0.21121244,0
0.27535802,1.10156169,0.82620367,0
2.29772306,3.50340618,1.20568312,0
0.72659996,0.66375223,0.06284773,0
1.22872632,0.06810861,1.16061771,1
0.09383124,1.12199081,1.02815957,1
1.6682475,0.40115004,1.26709746,0
0.6865196,0.6979053,0.0113857,0
0.80151675,1.84713868,1.04562193,0
0.75601557,1.204911,0.44889543,0
1.16430221,1.44685236,0.28255015,0
0.06036917,0.16969947,0.1093303,0
0.95021472,0.50053601,0.44967871,0
3.08849878,0.66012147,2.42837731,0
1.53488435,1.41812673,0.11675762,0
0.90666471,0.43856346,0.46810125,0
0.84124109,0.58072167,0.26051942,0
0.9941483,2.808389,1.8142407,0
0.15822278,0.83086269,0.67263991,0
0.27154556,1.99496316,1.7234176,1
0.30203955,4.36617813,4.06413858,1
1.24227975,0.17553659,1.06674316,1
1.83171881,0.99795313,0.83376568,0
1.56026269,0.11650097,1.44376172,1
0.09110947,0.02757283,0.06353664,0
0.71782536,1.56101058,0.84318522,0
4.62559231,1.66665401,2.9589383,0
0.46996913,0.10974,0.36022913,0
1.11765659,0.33479293,0.78286366,0
1.95715952,0.76618116,1.19097836,0
0.24574177,1.04954998,0.80380821,0
2.41553699,0.01352015,2.40201684,1
0.14838833,0.34909872,0.20071039,0
2.01295614,0.5815767,1.43137944,0
2.45731205,0.09980012,2.35751193,1
1.12417571,1.30215059,0.17797488,0
1.0794637,0.13751964,0.94194406,1
0.00536689,0.24933057,0.24396368,1
0.54973165,3.72240289,3.17267124,1
0.67614671,0.17837142,0.49777529,0
0.65768875,0.38455628,0.27313247,0
1.27258447,0.2000422,1.07254227,0
0.18496741,1.40608954,1.22112213,1
0.53073548,0.05940585,0.47132963,1
0.31202159,0.20553296,0.10648863,0
3.77918412,0.25040745,3.52877667,1
0.27685134,0.20538338,0.07146796,0
2.36038016,0.09232526,2.2680549,1
2.49606821,2.46860489,0.02746332,0
0.37431128,0.52149804,0.14718676,0
1.78487893,0.06993379,1.71494514,1
0.88804542,0.97657911,0.08853369,0
0.21625474,0.26185653,0.04560179,0
1.44447091,1.09498018,0.34949073,0
0.25616458,0.6221545,0.36598992,0
1.14160195,0.31906446,0.82253749,0
1.50025832,0.91985947,0.58039885,0
3.9941661,0.07730698,3.91685912,1
0.18301665,0.57760904,0.39459239,0
0.24387342,1.36054086,1.11666744,0
0.78081984,0.65706967,0.12375017,0
1.21484871,0.10524891,1.1095998,1
0.57885821,1.55777021,0.978912,0
0.06708652,1.8569613,1.78987478,1
0.1175009,0.51822976,0.40072886,0
3.12941179,0.12909941,3.00031238,1
2.64092937,0.34348764,2.29744173,1
0.27407414,0.42136186,0.14728772,0
1.15445963,0.21491664,0.93954299,0
1.16871736,0.20423512,0.96448224,0
1.4169365,2.23731123,0.82037473,0
2.30729415,1.34509834,0.96219581,0
0.28323029,1.44322356,1.15999327,0
2.03682057,0.49733402,1.53948655,0
0.08207458,0.95870581,0.87663123,1
0.08293328,0.39049526,0.30756198,0
2.13797948,0.85020826,1.28777122,0
0.32148047,0.29483146,0.02664901,0
0.66102393,0.53920455,0.12181938,0
0.08573575,0.91595823,0.83022248,1
0.1563209,0.83280711,0.67648621,0
2.06665035,0.04865318,2.01799717,1
2.49435753,0.09063751,2.40372002,1
3.07770341,2.16287546,0.91482795,0
0.5459809,0.53533661,0.01064429,0
0.7791147,1.02160145,0.24248675,0
0.27904432,0.26662499,0.01241933,0
0.48593752,2.002315,1.51637748,0
0.9323749,3.13579182,2.20341692,0
3.147198,0.48998873,2.65720927,1
0.15257203,0.39607315,0.24350112,0
0.42053969,0.5676424,0.14710271,0
0.34601108,1.04956625,0.70355517,0
0.78516189,3.9743301,3.18916821,0
0.29943866,1.03130653,0.73186787,0
0.21182162,1.40185095,1.19002933,1
0.99634647,2.99487239,1.99852592,0
0.39880631,2.83277912,2.43397281,1
0.47072334,0.18198686,0.28873648,0
2.57717991,0.69264537,1.88453454,0
0.41802783,0.67251539,0.25448756,0
2.71689625,0.71146946,2.00542679,0
1.26987047,0.97170768,0.29816279,0
2.33918141,1.47073254,0.86844887,0
1.65442692,2.41965789,0.76523097,0
3.47439575,0.03402124,3.44037451,1
0.02049324,1.87750807,1.85701483,1
2.29168285,0.97126851,1.32041434,0
1.22397373,0.04540264,1.17857109,1
0.92337901,0.01249115,0.91088786,1
0.75066458,0.26264984,0.48801474,0
0.84561499,1.18506484,0.33944985,0
2.09640153,1.3526848,0.74371673,0
0.69100559,0.06146114,0.62954445,1
0.07582732,0.8876985,0.81187118,1
1.83972003,0.51417898,1.32554105,0
0.10452292,0.25035389,0.14583097,0
0.05976443,2.74404752,2.68428309,1
2.99834861,0.34788663,2.65046198,1
2.73778247,1.85265764,0.88512483,0
0.91433544,0.94276739,0.02843195,0
0.19068863,1.79865918,1.60797055,1
0.69865775,0.04724659,0.65141116,1
0.2863246,0.37882686,0.09250226,0
0.36824316,0.36063714,0.00760602,0
1.73590612,1.31170367,0.42420245,0
2.4424781,0.62067571,1.82180239,0
2.29343079,1.80500486,0.48842593,0
2.10486751,0.104062,2.00080551,1
0.6823003,1.06134845,0.37904815,0
0.27775006,1.2188642,0.94111414,0
0.90779893,0.34349745,0.56430148,0
0.38983337,1.58529918,1.19546581,0
0.53786231,1.43564749,0.89778518,0
0.45304293,0.2710135,0.18202943,0
0.80681838,0.04833277,0.75848561,1
1.51838612,1.29491338,0.22347274,0
3.35116271,1.77407951,1.5770832,0
0.98010228,0.07985769,0.90024459,1
3.55237656,3.98493268,0.43255612,0
1.20198112,0.38208062,0.8199005,0
0.24645114,1.90320356,1.65675242,1
1.55661701,0.29913606,1.25748095,0
0.17539506,0.68590325,0.51050819,0
2.57650695,1.86595774,0.71054921,0
0.7632045,1.84169852,1.07849402,0
1.32643374,0.04513902,1.28129472,1
1.85555935,2.97972417,1.12416482,0
1.17759834,1.52534729,0.34774895,0
0.39780398,0.08674486,0.31105912,0
1.50691022,2.69812742,1.1912172,0
0.51739058,1.45002349,0.93263291,0
1.31094196,5.91808265,4.60714069,0
0.27731497,1.02302457,0.7457096,0
0.2006129,0.83689788,0.63628498,0
0.30662037,1.02226102,0.71564065,0
0.16347704,0.23966078,0.07618374,0
3.34129499,0.11188567,3.22940932,1
2.07779076,0.28448531,1.79330545,1
0.92451584,0.20122791,0.72328793,0
0.58065504,2.11236659,1.53171155,0
0.2887883,0.94784505,0.65905675,0
2.44297148,0.90268561,1.54028587,0
2.52306507,0.28423633,2.23882874,1
0.05180664,0.25031965,0.19851301,0
1.60569286,0.86752066,0.7381722,0
1.51630212,1.35407918,0.16222294,0
0.00171461,1.25952151,1.2578069,1
0.06741076,0.46219625,0.39478549,0
0.30680161,0.97227273,0.66547112,0
1.30666309,0.83314088,0.47352221,0
0.47073204,0.04583628,0.42489576,1
0.09567137,1.13692058,1.04124921,1
1.76739785,0.47548708,1.29191077,0
0.18090696,3.37266445,3.19175749,1
0.25569973,1.24515367,0.98945394,0
3.50698786,0.62766346,2.8793244,0
0.59532069,1.00635634,0.41103565,0
0.55556787,0.33746858,0.21809929,0
0.34337373,0.52660695,0.18323322,0
0.769018,1.77778425,1.00876625,0
0.74728843,1.42627295,0.67898452,0
0.60972337,0.00413837,0.605585,1
0.64353884,1.30605816,0.66251932,0
1.59540258,0.34431478,1.2510878,0
1.46331341,0.12427984,1.33903357,1
1.37840378,0.17126278,1.207141,1
1.17622232,0.14085452,1.0353678,1
2.71978332,2.49269667,0.22708665,0
0.0922086,0.86532063,0.77311203,1
0.86762664,0.66520483,0.20242181,0
0.21132059,0.9300689,0.71874831,0
0.46793743,1.2353586,0.76742117,0
0.04032974,1.05639288,1.01606314,1
0.17418803,0.03797338,0.13621465,0
0.95764053,0.25422685,0.70341368,0
0.52764778,0.07021816,0.45742962,1
0.02116527,0.20497336,0.18380809,1
0.47679531,0.05385213,0.42294318,1
4.21855374,1.20787576,3.01067798,0
0.89997444,0.39982994,0.5001445,0
1.5580268,0.24118596,1.31684084,0
0.91890365,0.79417481,0.12472884,0
0.22339487,0.51984056,0.29644569,0
1.56807327,2.87741101,1.30933774,0
0.22058604,0.3833168,0.16273076,0
0.44679438,0.64750828,0.2007139,0
0.24911545,0.02452994,0.22458551,1
0.10337689,0.09955557,0.00382132,0
0.28195034,2.48053332,2.19858298,1
0.19300014,3.98813147,3.79513133,1
1.57229038,1.69237259,0.12008221,0
3.32932931,0.0700218,3.25930751,1
0.12084809,0.30475818,0.18391009,0
2.97774554,0.24710359,2.73064195,1
0.10874307,0.32106595,0.21232288,0
0.34546633,0.89658485,0.55111852,0
0.33349766,0.49449029,0.16099263,0
0.21922615,0.37533428,0.15610813,0
0.12129286,0.81951506,0.6982222,1
0.56199544,1.659111,1.09711556,0
1.14954108,1.58174791,0.43220683,0
1.36574212,0.58438063,0.78136149,0
1.8148799,0.16697832,1.64790158,1
0.64892247,1.48768214,0.83875967,0
0.11761913,0.10678856,0.01083057,0
0.14137015,2.17467167,2.03330152,1
0.08721282,0.76204627,0.67483345,1
2.18727755,0.12213285,2.0651447,1
0.04791903,0.36061679,0.31269776,1
0.68979284,2.11302571,1.42323287,0
0.01586089,2.06716509,2.0513042,1
1.11474605,0.33263308,0.78211297,0
0.17371954,1.43768004,1.2639605,1
0.26196705,0.00652792,0.25543913,1
2.04350645,0.37807257,1.66543388,0
0.1388004,0.41134639,0.27254599,0
0.28011467,0.90254586,0.62243119,0
1.29229442,0.81624451,0.47604991,0
0.40925544,0.95405472,0.54479928,0
0.07885734,3.04635296,2.96749562,1
1.74338103,3.94499113,2.2016101,0
1.6722388,0.24915817,1.42308063,1
0.12989182,1.06235475,0.93246293,1
0.24140328,0.45493939,0.21353611,0
0.44859381,0.31426406,0.13432975,0
1.92720664,0.90748865,1.01971799,0
2.69485443,0.06449721,2.63035722,1
0.03031706,0.02324616,0.0070709,0
1.16451882,5.80334234,4.63882352,0
1.80199476,1.26108365,0.54091111,0
0.51252344,2.28461658,1.77209314,0
0.0297315,0.17495448,0.14522298,0
0.0420741,1.16710934,1.12503524,1
3.42734252,0.94651761,2.48082491,0
1.16604446,2.41186946,1.245825,0
0.01171437,0.20320025,0.19148588,1
0.09355391,0.1163736,0.02281969,0
0.6430026,1.92023128,1.27722868,0
3.94939989,3.48098992,0.46840997,0
0.53480045,0.95644112,0.42164067,0
1.1278696,3.3183529,2.1904833,0
4.22251048,2.53399664,1.68851384,0
0.61791923,0.58566911,0.03225012,0
2.4096782,0.97375881,1.43591939,0
0.05538545,1.19725289,1.14186744,1
0.16304126,0.14407644,0.01896482,0
1.91069598,1.90127116,0.00942482,0
1.82220026,2.04449239,0.22229213,0
2.24529321,4.2264539,1.98116069,0
1.614449,3.22294307,1.60849407,0
0.15576627,0.12778591,0.02798036,0
0.76662011,0.70738581,0.0592343,0
1.10658111,0.04889675,1.05768436,1
0.85107388,0.03235047,0.81872341,1
2.49892403,0.06318353,2.4357405,1
0.1055319,0.48587368,0.38034178,0
0.48900887,0.60918128,0.12017241,0
0.09751355,0.78762434,0.69011079,1
0.23867501,1.9103248,1.67164979,1
0.11576952,1.7306343,1.61486478,1
1.73072076,0.49341756,1.2373032,0
0.07771621,0.43397509,0.35625888,0
0.11793574,0.82814937,0.71021363,1
1.12268808,0.3859727,0.73671538,0
1.20600503,0.80877264,0.39723239,0
1.11533877,2.41277738,1.29743861,0
2.23207858,1.12503418,1.1070444,0
0.00702197,0.64629498,0.63927301,1
0.67030127,7.1073723,6.43707103,1
0.20809035,1.12574456,0.91765421,0
2.64589675,0.65527649,1.99062026,0
1.36385066,1.09489202,0.26895864,0
0.66005877,0.01550119,0.64455758,1
0.7192458,2.62151887,1.90227307,0
0.3354977,1.80928656,1.47378886,0
0.03129399,0.59375871,0.56246472,1
1.9657403,0.81720616,1.14853414,0
0.25990794,2.84382265,2.58391471,1
1.10152565,0.01757143,1.08395422,1
0.43678184,0.36485548,0.07192636,0
0.40116473,0.85716326,0.45599853,0
0.06542914,1.39089625,1.32546711,1
1.50439806,0.33264081,1.17175725,0
0.67561321,0.7828569,0.10724369,0
0.73541852,1.54095101,0.80553249,0
0.10107803,0.25355237,0.15247434,0
0.68168395,1.09320441,0.41152046,0
0.85830346,0.78278468,0.07551878,0
1.36032132,1.2429638,0.11735752,0
0.17039222,0.7990181,0.62862588,0
3.27372012,0.48046879,2.79325133,1
3.53465289,3.46547592,0.06917697,0
0.21734098,0.72679523,0.50945425,0
5.4897568,0.58908759,4.90066921,1
0.22786627,2.41778546,2.18991919,1
0.92263782,0.45595906,0.46667876,0
3.27849318,0.64993299,2.62856019,0
0.39169155,0.5695749,0.17788335,0
0.81370029,0.16410963,0.64959066,0
0.04786665,0.17740933,0.12954268,0
1.27638406,0.31275062,0.96363344,0
0.54196596,0.43679252,0.10517344,0
0.15414433,2.17624923,2.0221049,1
1.08970821,0.91808141,0.1716268,0
0.30252654,0.30722864,0.0047021,0
0.39842644,0.73974486,0.34131842,0
0.23806655,0.50330975,0.2652432,0
1.40028342,0.80848189,0.59180153,0
0.35862753,0.73082726,0.37219973,0
0.2986347,0.40728306,0.10864836,0
1.94552303,0.91130099,1.03422204,0
2.12371637,0.10322016,2.02049621,1
0.38147342,2.18804751,1.80657409,0
2.40149411,0.09965197,2.30184214,1
2.6628584,0.10814878,2.55470962,1
0.89026739,2.15075738,1.26048999,0
0.16911368,0.99496488,0.8258512,0
0.31088382,0.18677459,0.12410923,0
0.60251144,0.19742563,0.40508581,0
0.98797052,2.27047385,1.28250333,0
0.11182705,0.6310316,0.51920455,0
2.27949607,1.25919172,1.02030435,0
0.30249097,0.10971877,0.1927722,0
1.29477145,0.59430202,0.70046943,0
0.21513443,0.49830676,0.28317233,0
0.10092134,1.41049407,1.30957273,1
0.78474069,2.15408317,1.36934248,0
2.50492106,3.71717239,1.21225133,0
0.14776884,0.14975995,0.00199111,0
1.22931719,0.49726745,0.73204974,0
1.07538687,3.32891481,2.25352794,0
0.32746172,2.51209481,2.18463309,1
0.49188596,1.6796107,1.18772474,0
0.35394486,2.06833386,1.714389,0
1.30495665,1.97706144,0.67210479,0
0.76108632,0.33430175,0.42678457,0
0.5858594,2.77484352,2.18898412,0
0.29337539,0.37721656,0.08384117,0
0.10607982,0.6071377,0.50105788,0
0.04506253,0.2945912,0.24952867,0
4.68046496,0.61089908,4.06956588,1
1.92827965,0.17109292,1.75718673,1
0.18711845,0.00642353,0.18069492,1
0.37662641,0.1055825,0.27104391,0
0.00058434,2.89861955,2.89803521,1
1.71229866,1.04510745,0.66719121,0
1.38730455,0.25966324,1.12764131,0
3.21147763,0.32302231,2.88845532,1
1.6386799,0.21715099,1.42152891,1
0.0214943,0.74435612,0.72286182,1
1.77419554,0.31886343,1.45533211,0
1.94983289,1.48829709,0.4615358,0
0.53891995,0.16057427,0.37834568,0
0.56636854,0.18682796,0.37954058,0
0.85719703,0.07150816,0.78568887,1
1.02236091,0.33821782,0.68414309,0
0.80823907,0.15608806,0.65215101,0
0.3862237,2.53423072,2.14800702,1
0.53801389,5.70836535,5.17035146,1
0.22550117,0.64414284,0.41864167,0
3.53812181,0.258871,3.27925081,1
1.99435611,2.37021201,0.3758559,0
0.15731136,0.61119299,0.45388163,0
